first_name,last_name,pto
Bonnie,Kearney,89
Chris,Norred,75
Ryan,Cornelsen,59
Douglas,Hite,80
Annette,Hill,50
Hao,Chen,52
Gary,Altman,86
Mihail,Frintu,64
Peter,Connelly,69
Deborah,Poe,60
Ramesh,Meyyappan,73
Susan,Eaton,97
Eric,Kurjan,54
Taylor,Maxwell,79
Patrick,Cook,61
Michael,Ray,70
Dan,Bacon,72
Paul,Komosinski,68
Vamsi,Kuppa,95
Stuart,Macrae,88
Mindy,Martin,51
Sootha,Charncherngkha,85
David,Liu,57
Betsy,Stadick,99
Ashvini,Sharma,70
Cynthia,Randall,69
David,Barber,56
John,Evans,91
Arvind,Rao,60
Sairaj,Uddin,46
Suroor,Fatima,93
Alex,Nayberg,77
Gordon,Hee,52
Yuhong,Li,41
Rob,Caron,71
Stephanie,Conroy,68
Brian,LaMee,48
Kirk,Koenigsbauer,74
Patrick,Wedge,96
Christian,Kleinerman,92
Laura,Steele,75
Mike,Seamans,59
Kevin,Homer,90
Doris,Hartwig,86
Michael,Rothkugel,70
Kevin,Liu,58
Robert,Rounthwaite,82
Andrew,Hill,65
Jo,Berry,91
Jack,Creasey,62
Ruth,Ellerbrock,83
Sariya,Harnpadoungsataya,45
William,Vong,45
Carol,Philips,45
Barbara,Moreland,58
Baris,Cetinok,72
Katie,McAskill-White,42
Michael,Patten,98
Alan,Brewer,47
Candy,Spoon,61
Fred,Northup,47
Janeth,Esteves,81
Jimmy,Bischoff,96
Pat,Coleman,89
Tengiz,Kharatishvili,76
Barry,Johnson,88
Carole,Poland,42
Janet,Sheperdigian,64
Paula,Barreto de Mattos,54
Lionel,Penuchot,78
JoLynn,Dobney,82
Cristian,Petculescu,67
Reinout,Hillmann,51
Steven,Selikoff,41
David,Bradley,40
Sean,Chai,78
Greg,Alderson,85
Ken,Sánchez,99
Rostislav,Shabalin,40
Sean,Alexander,82
Scott,Gode,86
Merav,Netz,46
Kevin,Brown,42
Andrew,Cencini,73
Kim,Ralls,98
Frank,Martinez,66
Christopher,Hill,91
Sidney,Higa,84
Kok-Ho,Loh,78
Shane,Kim,75
Linda,Moschell,96
Wanida,Benshoof,41
Fukiko,Ogisu,57
Grant,Culbertson,53
Ben,Miller,55
Yvonne,McKay,79
Jeff,Hay,74
Chad,Niswonger,99
Matthias,Berndt,94
Jun,Cao,90
Kitti,Lertpiriyasuwat,89
Belinda,Newman,83
Frank,Lee,56
Eric,Gubbels,40
Ebru,Ersan,93
John,Campbell,81
Chris,Preston,76
Paula,Nartker,54
Gabe,Mares,57
Reuben,D'sa,72
Michiko,Osada,44
David,Hamilton,73
Nicole,Holliday,67
Diane,Glimp,87
Zheng,Mu,66
Mark,Harrington,83
Karen,Berg,74
Janaina,Bueno,71
Bryan,Walton,62
A. Scott,Wright,44
Jo,Brown,80
Jinghao,Liu,77
François,Ajenstat,67
Stuart,Munson,84
Gary,Yukish,69
Lorraine,Nay,49
Angela,Barbariol,92
Dylan,Miller,61
Ken,Myer,51
Kimberly,Zimmerman,95
Linda,Meisner,56
Hazem,Abolrous,80
Jeffrey,Ford,85
Magnus,Hedlund,87
Gigi,Matthew,63
Lori,Kane,76
Mikael,Sandberg,59
Michael,Entin,94
Wendy,Kahn,55
Andreas,Berglund,84
Don,Hall,88
Bjorn,Rettig,43
Zainal,Arifin,77
John,Kane,92
Rob,Walters,48
Brian,Goldstein,63
John,Wood,48
Mary,Dempsey,43
Dan,Wilson,66
Eric,Brown,60
Willis,Johnson,49
Jack,Richins,68
Peter,Krebs,43
Diane,Margheim,62
Erin,Hagens,53
Vidur,Luthra,50
Alejandro,McGuel,52
Lori,Penor,90
Tawana,Nusbaum,50
Brian,Lloyd,55
Pilar,Ackerman,93
Dragan,Tomic,63
Alice,Ciccu,95
Sheela,Word,49
Frank,Pellow,58
Peng,Wu,81
Jill,Williams,47
Mary,Baker,94
Danielle,Tiedt,97
Mindaugas,Krapauskas,97
James,Hamilton,64
Jean,Trenary,65
Rajesh,Patel,48
Kathie,Flood,87
Shammi,Mohamed,53
Sandeep,Kaliyath,65
Mary,Gibson,46
Terry,Eminhizer,44
Tom,Vande Velde,98
Karen,Berge,79
Brenda,Diaz,71
